DeliveryID,DeliveryDate,CustomerName,SiteName
ORD0001,3/16/24,William Jones,Acnos (Interim Distribution Facility) - Global Source Test 1
ORD0002,11/14/24,William Jones 2,"Catalent Pharma Solutions Inc. - Madison, WI US Source Test 3"
ORD0003,10/10/25,Harper Green,BioReliance - Glasgow UK Source Test
ORD0004,7/4/24,Jane Doe,BioReliance - Rockville MD US Source Test
ORD0005,4/17/24,Isabella Taylor,"Signma-Aldrich Manufacturing LLC - St. Louis, MO US Source Test"
ORD0006,6/20/24,William Jones,"Fujifilm Diosynth Biotechnoligies College Station, TX Source Test"
ORD0007,8/31/24,Olivia Garcia,Seripharm SAS Novasep - Le Mans FR Source Test
ORD0008,9/26/24,Robert Miller,"Fujifilm Diosynth Biotechnoligies, England Source Test"
ORD0009,7/26/24,Daniel White,"SAFC Inc. - Verona, WI US Source Test"
ORD0010,5/30/24,Amelia King,"Boston Analytial Inc. - Salem, NH US Source Test"
ORD0011,3/19/24,Thomas Moore,Patheon Inc. - Mississauga ON CA Source Test
ORD0012,6/6/24,Emma Brown,"Signma-Aldrich Manufacturing LLC - St. Louis, MO US Source Test"
ORD0013,9/6/24,Charlotte Lee,"Eurofins Lancaster Laboratories, Inc. - Lancaster, PA US Source Test"
ORD0014,9/17/24,Olivia Garcia,"Bristol-Myers Squibb Holdings Pharma, Ltd. Liability Company Source Test"
ORD0015,8/3/24,Emma Brown,Catalent CTS Llc - Kansas City MO US Source Test
ORD0016,12/6/24,Daniel White,Quotient Sciences LLC - Boothwyn PA US Source Test
ORD0017,5/6/24,Mia Hernandez,Fisher Clinical Services - Allentown PA US Source Test
ORD0018,1/10/24,Thomas Moore,Almac Clinical Services - Craigavon UK Source Test
ORD0019,7/19/24,Sophia Martinez,PCI Pharma Services - Burlington ON CA Source Test
ORD0020,1/22/25,Charlotte Lee,Almac Clinical Services - Dundalk IE Source Test
ORD0021,12/11/24,Amelia King,Yourway Transport BioPharma Services - Allentown PA US Source Test
ORD0022,1/17/25,Michael Johnson,Quotient Sciences LLC - Boothwyn PA US Source Test
ORD0023,12/30/24,Matthew Scott,Recipharm Pharmaservices Pvt Ltd - Bengaluru IN Source Test
ORD0024,1/28/24,David Anderson,Acnos (Interim Distribution Facility) - Global Source Test
ORD0025,1/5/24,Robert Miller,"Catalent Pharma Solutions Inc. - Madison, WI US Source Test"
ORD0026,4/26/24,James Wilson,BioReliance - Glasgow UK Source Test
ORD0027,6/30/24,Amelia King,BioReliance - Rockville MD US Source Test
ORD0028,10/7/24,Harper Green,"Signma-Aldrich Manufacturing LLC - St. Louis, MO US Source Test"
ORD0029,1/21/25,John Smith,"Fujifilm Diosynth Biotechnoligies College Station, TX Source Test"
ORD0030,6/17/24,Charlotte Lee,Seripharm SAS Novasep - Le Mans FR Source Test
ORD0031,7/14/24,Olivia Garcia,"Fujifilm Diosynth Biotechnoligies, England Source Test"
ORD0032,3/10/24,Olivia Garcia,"SAFC Inc. - Verona, WI US Source Test"
ORD0033,3/7/24,Joseph Rodriguez,"Boston Analytial Inc. - Salem, NH US Source Test"
ORD0034,1/28/24,William Jones,Patheon Inc. - Mississauga ON CA Source Test
ORD0035,12/22/24,Joseph Rodriguez,"Signma-Aldrich Manufacturing LLC - St. Louis, MO US Source Test"
ORD0036,3/26/24,John Smith,"Eurofins Lancaster Laboratories, Inc. - Lancaster, PA US Source Test"
ORD0037,11/17/24,Robert Miller,"Bristol-Myers Squibb Holdings Pharma, Ltd. Liability Company Source Test"
ORD0038,6/4/24,Harper Green,Catalent CTS Llc - Kansas City MO US Source Test
ORD0039,1/26/25,Amelia King,Quotient Sciences LLC - Boothwyn PA US Source Test
ORD0040,12/30/24,Mia Hernandez,Fisher Clinical Services - Allentown PA US Source Test
ORD0041,9/10/24,Michael Johnson,Almac Clinical Services - Craigavon UK Source Test
ORD0042,3/17/24,Olivia Garcia,PCI Pharma Services - Burlington ON CA Source Test
ORD0043,1/25/24,Matthew Scott,Almac Clinical Services - Dundalk IE Source Test
ORD0044,11/3/24,Michael Johnson,Yourway Transport BioPharma Services - Allentown PA US Source Test
ORD0045,1/6/25,Olivia Garcia,Quotient Sciences LLC - Boothwyn PA US Source Test
ORD0046,6/1/24,John Smith,Recipharm Pharmaservices Pvt Ltd - Bengaluru IN Source Test
ORD0047,11/10/24,Emma Brown,Acnos (Interim Distribution Facility) - Global Source Test
ORD0048,5/23/24,Isabella Taylor,"Catalent Pharma Solutions Inc. - Madison, WI US Source Test"
ORD0049,4/25/24,David Anderson,BioReliance - Glasgow UK Source Test
ORD0050,1/17/24,Olivia Garcia,BioReliance - Rockville MD US Source Test
ORD0051,10/1/24,Michael Johnson,"Signma-Aldrich Manufacturing LLC - St. Louis, MO US Source Test"
ORD0052,4/10/24,Sophia Martinez,"Fujifilm Diosynth Biotechnoligies College Station, TX Source Test"
ORD0053,9/9/24,Harper Green,Seripharm SAS Novasep - Le Mans FR Source Test
ORD0054,1/3/24,Joseph Rodriguez,"Fujifilm Diosynth Biotechnoligies, England Source Test"
ORD0055,7/17/24,Michael Johnson,"SAFC Inc. - Verona, WI US Source Test"
ORD0056,1/3/24,William Jones,"Boston Analytial Inc. - Salem, NH US Source Test"
ORD0057,6/10/24,Matthew Scott,Patheon Inc. - Mississauga ON CA Source Test
ORD0058,2/21/25,Joseph Rodriguez,"Signma-Aldrich Manufacturing LLC - St. Louis, MO US Source Test"
ORD0059,9/1/24,Amelia King,"Eurofins Lancaster Laboratories, Inc. - Lancaster, PA US Source Test"
ORD0060,2/20/25,Mia Hernandez,"Bristol-Myers Squibb Holdings Pharma, Ltd. Liability Company Source Test"
ORD0061,4/16/24,Isabella Taylor,Catalent CTS Llc - Kansas City MO US Source Test
ORD0062,1/26/24,Emily Davis,Quotient Sciences LLC - Boothwyn PA US Source Test
ORD0063,4/9/24,Robert Miller,Fisher Clinical Services - Allentown PA US Source Test
ORD0064,2/16/24,Olivia Garcia,Almac Clinical Services - Craigavon UK Source Test
ORD0065,2/26/24,Harper Green,PCI Pharma Services - Burlington ON CA Source Test
ORD0066,1/14/25,Charlotte Lee,Almac Clinical Services - Dundalk IE Source Test
ORD0067,9/18/24,John Smith,Yourway Transport BioPharma Services - Allentown PA US Source Test
ORD0068,10/26/24,Thomas Moore,Quotient Sciences LLC - Boothwyn PA US Source Test
ORD0069,5/25/24,Michael Johnson,Recipharm Pharmaservices Pvt Ltd - Bengaluru IN Source Test
ORD0070,9/26/24,Sophia Martinez,Acnos (Interim Distribution Facility) - Global Source Test
ORD0071,1/23/25,Michael Johnson,"Catalent Pharma Solutions Inc. - Madison, WI US Source Test"
ORD0072,6/4/24,Sophia Martinez,BioReliance - Glasgow UK Source Test
ORD0073,1/6/25,Amelia King,BioReliance - Rockville MD US Source Test
ORD0074,5/20/24,Charlotte Lee,"Signma-Aldrich Manufacturing LLC - St. Louis, MO US Source Test"
ORD0075,4/5/24,Jane Doe,"Fujifilm Diosynth Biotechnoligies College Station, TX Source Test"
ORD0076,8/13/24,John Smith,Seripharm SAS Novasep - Le Mans FR Source Test
ORD0077,12/13/24,James Wilson,"Fujifilm Diosynth Biotechnoligies, England Source Test"
ORD0078,9/28/24,Amelia King,"SAFC Inc. - Verona, WI US Source Test"
ORD0079,12/13/24,Joseph Rodriguez,"Boston Analytial Inc. - Salem, NH US Source Test"
ORD0080,6/30/24,Amelia King,Patheon Inc. - Mississauga ON CA Source Test
ORD0081,2/3/25,Amelia King,"Signma-Aldrich Manufacturing LLC - St. Louis, MO US Source Test"
ORD0082,1/6/25,John Smith,"Eurofins Lancaster Laboratories, Inc. - Lancaster, PA US Source Test"
ORD0083,9/25/24,Harper Green,"Bristol-Myers Squibb Holdings Pharma, Ltd. Liability Company Source Test"
ORD0084,5/14/24,Thomas Moore,Catalent CTS Llc - Kansas City MO US Source Test
ORD0085,9/21/24,Emma Brown,Quotient Sciences LLC - Boothwyn PA US Source Test
ORD0086,2/23/24,William Jones,Fisher Clinical Services - Allentown PA US Source Test
ORD0087,5/25/24,Joseph Rodriguez,Almac Clinical Services - Craigavon UK Source Test
ORD0088,1/16/24,Matthew Scott,PCI Pharma Services - Burlington ON CA Source Test
ORD0089,5/28/24,Emma Brown,Almac Clinical Services - Dundalk IE Source Test
ORD0090,6/13/24,Joseph Rodriguez,Yourway Transport BioPharma Services - Allentown PA US Source Test
ORD0091,12/23/24,Daniel White,Quotient Sciences LLC - Boothwyn PA US Source Test
ORD0092,2/13/24,Mia Hernandez,Recipharm Pharmaservices Pvt Ltd - Bengaluru IN Source Test
ORD0093,3/8/24,Mia Hernandez,Acnos (Interim Distribution Facility) - Global Source Test
ORD0094,11/25/24,Daniel White,"Catalent Pharma Solutions Inc. - Madison, WI US Source Test"
ORD0095,1/20/25,Michael Johnson,BioReliance - Glasgow UK Source Test
ORD0096,4/21/24,Mia Hernandez,BioReliance - Rockville MD US Source Test
ORD0097,10/11/24,Joseph Rodriguez,"Signma-Aldrich Manufacturing LLC - St. Louis, MO US Source Test"
ORD0098,11/1/24,Emma Brown,"Fujifilm Diosynth Biotechnoligies College Station, TX Source Test"
ORD0099,3/24/25,Test User,Seripharm SAS Novasep - Le Mans FR Source Test
ORD0100,3/24/25,Big Spender,"Fujifilm Diosynth Biotechnoligies, England Source Test"
ORD0101,3/24/25,Big Spender,"Fujifilm Diosynth Biotechnoligies, England Source Test"